AAS,100,,US,,,,SS
AAS,105,,US,,,,
AAS,120,,US,,,,
AAS,200,,US,HP,,,
AAS,201,,US,,,,SS
AAS,211,,US,LA,,,
AAS,215,,US,HP,,,
AAS,224,,US,,,,
AAS,246,,US,,,,SS
AAS,258,,US,,,,SS
AAS,260,,US,,,,
AAS,265,,US,,,,
AAS,275,,US,,,,
AAS,281,,US,HP,,,
AAS,283,,US,HP,,,
AAS,286,,US,LA,,,
AAS,287,,US,,,,SS
AAS,288,,NW,,,,
AAS,297,,US,,,,SS
AAS,300,ACP,,,,,
AAS,310,ACP,US,,,,
AAS,370,ACP,,,,,
AAS,402,ACP,US,,,,
ABE,469,ACP,,,,,
ACE,100,,,,,,SS
ACE,210,,,,,,SS
ACE,251,,NW,,,,SS
ACE,254,,NW,,,,SS
ACE,255,,US,,,,SS
ACE,261,,,,,QR1,
ACES,102,,,,LS,,
ACES,179,,US,HP,,,
ADV,476,,WCC,,,,SS
AE,443,ACP,,,,,
AFAS,120,,,HP,,,
AFRO,100,,US,,,,SS
AFRO,101,,US,HP,,,
AFRO,103,,US,,,,
AFRO,105,,US,LA,,,
AFRO,106,,US,HP,,,
AFRO,132,,US,LA,,,
AFRO,201,,US,,,,SS
AFRO,211,,US,,,,
AFRO,212,,US,,,,
AFRO,215,,US,HP,,,
AFRO,221,,WCC,HP,,,
AFRO,224,,US,LA,,,
AFRO,228,,US,LA,,,
AFRO,231,,US,,,,
AFRO,243,,NW,,,,SS
AFRO,250,,US,,,,SS
AFRO,259,,US,,,,
AFRO,260,,US,,,,
AFRO,261,,US,HP,,,
AFRO,272,,US,LA,,,
AFRO,275,,US,HP,,,
AFRO,276,,US,HP,,,
AFRO,281,,US,HP,,,
AFRO,287,,US,HP,,,
AFRO,290,,US,HP,,,
AFRO,310,ACP,US,,,,
AFRO,340,,US,HP,,,
AFRO,372,ACP,,,,,
AFRO,400,,NW,,,,
AFRO,460,ACP,,,,,
AFRO,474,ACP,,,,,
AFST,103,,US,,,,
AFST,209,,NW,,,,
AFST,210,,NW,LA,,,
AFST,213,,NW,HP,,,
AFST,222,,NW,,,,
AFST,243,,NW,,,,SS
AFST,254,,NW,,,,SS
AFST,266,,NW,,,,
AGCM,220,ACP,,,,,
AGCM,320,ACP,,,,,
AGED,230,ACP,,,,,SS
AGED,260,,,,,,SS
AGED,340,,US,,,,
AGED,360,,,,,,SS
AIS,101,,US,HP,,,
AIS,102,,US,,,,SS
AIS,140,,US,HP,,,
AIS,165,,NW,,,,
AIS,265,,US,LA,,,
AIS,275,,US,LA,,,
AIS,277,,US,HP,,,
AIS,278,,US,HP,,,
AIS,285,,NW,HP,,,
AIS,288,,US,HP,,,
AIS,295,,US,HP,,,
ANSC,110,,,,LS,,
ANSC,205,ACP,,,,,
ANSC,207,,,,LS,,
ANSC,250,,WCC,,,,
ANSC,305,,,,,,SS
ANTH,101,,WCC,,,,SS
ANTH,102,,,,,,SS
ANTH,103,,NW,,,,SS
ANTH,104,,,,,,SS
ANTH,105,,,HP,,,
ANTH,106,,US,HP,,,
ANTH,108,,WCC,HP,,,
ANTH,109,,WCC,HP,,,
ANTH,130,,NW,HP,,,
ANTH,143,,,,LS,,
ANTH,157,,,HP,,,
ANTH,165,,NW,,,,
ANTH,175,,,HP,,,
ANTH,180,,WCC,,,,SS
ANTH,182,,NW,,,,SS
ANTH,209,,,,,,SS
ANTH,210,,NW,,,,SS
ANTH,222,,NW,,,,
ANTH,223,,NW,HP,,,
ANTH,224,,,,,,SS
ANTH,225,,,,,,SS
ANTH,241,,,,LS,,
ANTH,246,,,,LS,,
ANTH,249,,,,LS,,
ANTH,250,,WCC,,,,SS
ANTH,261,,US,HP,,,
ANTH,262,,,,,,SS
ANTH,266,,NW,,,,
ANTH,268,ACP,WCC,HP,,,
ANTH,271,ACP,,,,,
ANTH,272,,NW,,,,
ANTH,277,,WCC,,,,SS
ANTH,285,,NW,,,,
ANTH,286,,NW,HP,,,
ANTH,288,,US,HP,,,
ANTH,290,,NW,,,,
ANTH,362,,,,,,SS
ANTH,393,,WCC,HP,,,
ANTH,414,ACP,,,,,
ARAB,150,,NW,,,,
ARCH,164,,,LA,,,
ARCH,222,,NW,HP,,,
ARCH,314,ACP,WCC,HP,,,
ART,100,,,LA,,,
ART,102,,,LA,,,
ART,103,,,LA,,,
ART,104,,,LA,,,
ART,105,,,LA,,,
ART,140,,,LA,,,
ART,205,,WCC,,,,BSC
ART,208,,,LA,,,
ART,221,,,LA,,,
ART,240,,,LA,,,
ART,280,,WCC,LA,,,
ART,310,,,LA,,,
ART,350,,WCC,LA,,,
ARTD,209,,NW,,,,
ARTD,240,,,LA,,,
ARTH,110,,WCC,LA,,,
ARTH,111,,,LA,,,
ARTH,112,,,LA,,,
ARTH,113,,NW,,,,
ARTH,114,,NW,,,,
ARTH,115,,NW,LA,,,
ARTH,211,,,LA,,,
ARTH,217,,WCC,HP,,,
ARTH,241,,,LA,,,
ARTH,242,,,LA,,,
ARTH,260,,WCC,LA,,,
ASST,104,,NW,HP,,,
ASST,208,,NW,LA,,,
ASST,218,,NW,LA,,,
ASST,286,,NW,HP,,,
ASTR,100,,,,PS,,
ASTR,121,,,,PS,QR2,
ASTR,122,,,,PS,QR2,
ASTR,150,,,,PS,,
ASTR,210,,,,PS,,
ASTR,401,ACP,,,,,
ASTR,490,ACP,,,,,
ATMS,100,,,,PS,,
ATMS,120,,,,PS,QR2,
ATMS,140,,,,PS,,
ATMS,315,ACP,,,,,
ATMS,322,,,,,,SS
BCS,115,,NW,,,,SS
BCS,215,,WCC,,,,
BIOC,460,ACP,,,,,
BTW,250,ACP,,,,,
BTW,261,ACP,,,,,
BTW,263,ACP,,,,,
CHBE,101,,,,PS,,
CHBE,430,ACP,,,,,
CHBE,431,ACP,,,,,
CHEM,101,,,,PS,,
CHEM,102,,,,PS,,
CHEM,103,,,,PS,,
CHEM,104,,,,PS,,
CHEM,105,,,,PS,,
CHEM,108,,,,PS,,
CHEM,202,,,,PS,,
CHEM,204,,,,PS,,
CHEM,317,ACP,,,,,
CHEM,437,ACP,,,,,
CHLH,100,,,,,,SS
CHLH,101,,,,,,SS
CHLH,244,,,,,QR1,
CHLH,260,,,HP,,,
CHLH,274,,,,,QR1,
CHLH,304,ACP,,,,,BSC
CHLH,330,,,,,,SS
CHLH,421,,,,,QR2,
CHP,396,ACP,,,,,
CI,210,,,,,,BSC
CLCV,114,,WCC,LA,,,
CLCV,115,,WCC,LA,,,
CLCV,116,,WCC,HP,,,
CLCV,120,,WCC,LA,,,
CLCV,131,,WCC,HP,,,
CLCV,132,,WCC,HP,,,
CLCV,160,,WCC,HP,,,
CLCV,203,,,HP,,,
CLCV,220,,WCC,LA,,,
CLCV,221,,WCC,LA,,,
CLCV,222,ACP,WCC,LA,,,
CLCV,223,,WCC,,,,
CLCV,224,,US,LA,,,
CLCV,225,,WCC,HP,,,
CLCV,230,,WCC,,PS,,
CLCV,231,,WCC,HP,,,
CLCV,240,,WCC,LA,,,
CLCV,323,ACP,WCC,LA,,,
CMN,102,,,,,,BSC
CMN,210,,WCC,HP,,,
CMN,220,ACP,,,,,
CMN,230,,,,,,SS
CMN,231,,,,,,BSC
CMN,232,,NW,,,,SS
CMN,250,,US,,,,
CMN,260,,WCC,,,,BSC
CMN,275,,WCC,HP,,,
CMN,277,,US,,,,SS
CMN,280,,,,,,SS
CPSC,112,,,,LS,,
CPSC,113,,WCC,,LS,,
CPSC,116,,NW,,,,
CPSC,131,,NW,,,,
CPSC,241,,,,,QR1,
CPSC,261,,,,LS,,
CPSC,270,,,,LS,,
CS,101,,,,,QR2,
CS,105,,,,,QR1,
CS,107,,,,,QR1,
CS,125,,,,,QR1,
CS,225,,,,,QR2,
CS,429,ACP,,,,,
CS,493,ACP,,,,,
CS,499,ACP,,,,,
CW,100,,,LA,,,
CW,243,ACP,,,,,
CWL,111,,,LA,,,
CWL,114,,NW,LA,,,
CWL,117,,,LA,,,
CWL,151,,,LA,,,
CWL,189,,NW,LA,,,
CWL,190,,NW,LA,,,
CWL,201,,,LA,,,
CWL,202,,WCC,LA,,,
CWL,205,,,LA,,,
CWL,207,,NW,LA,,,
CWL,208,,NW,LA,,,
CWL,209,,US,LA,,,
CWL,210,,NW,LA,,,
CWL,212,,WCC,LA,,,
CWL,215,,,LA,,,
CWL,216,,WCC,LA,,,
CWL,220,,WCC,LA,,,
CWL,221,,WCC,LA,,,
CWL,223,,NW,LA,,,
CWL,225,,NW,,,,
CWL,226,,US,LA,,,
CWL,227,,,LA,,,
CWL,240,,,LA,,,
CWL,241,ACP,WCC,LA,,,
CWL,242,ACP,WCC,LA,,,
CWL,249,,,LA,,,
CWL,250,ACP,WCC,LA,,,
CWL,251,,WCC,HP,,,
CWL,252,,WCC,LA,,,
CWL,253,,WCC,LA,,,
CWL,254,,WCC,LA,,,
CWL,255,,WCC,LA,,,
CWL,257,,WCC,LA,,,
CWL,259,,US,,,,
CWL,260,,US,,,,
CWL,262,,WCC,LA,,,
CWL,263,,WCC,LA,,,
CWL,264,ACP,WCC,LA,,,
CWL,267,,,LA,,,
CWL,269,,,LA,,,
CWL,271,ACP,WCC,LA,,,
CWL,272,,,LA,,,
CWL,273,,WCC,LA,,,
CWL,275,,NW,LA,,,
CWL,276,,NW,LA,,,
CWL,283,,,LA,,,
CWL,284,,,LA,,,
CWL,307,,NW,LA,,,
CWL,308,,NW,LA,,,
CWL,311,,NW,LA,,,
CWL,312,,NW,LA,,,
CWL,320,,WCC,LA,,,
CWL,322,ACP,WCC,LA,,,
CWL,400,,NW,,,,
DANC,100,,WCC,LA,,,
DANC,125,,US,,,,
DANC,200,,,LA,,,
DANC,340,,US,HP,,,
DANC,345,,,,LS,,
DANC,441,ACP,,,,,
EALC,114,,NW,,,,
EALC,120,,NW,HP,,,
EALC,122,,NW,HP,,,
EALC,130,,NW,,,,SS
EALC,132,,NW,HP,,,
EALC,220,,NW,HP,,,
EALC,221,,NW,,,,
EALC,222,,NW,HP,,,
EALC,226,,NW,HP,,,
EALC,227,,NW,HP,,,
EALC,240,,NW,,,,
EALC,250,,NW,,,,SS
EALC,275,,NW,LA,,,
EALC,276,,NW,LA,,,
EALC,285,,NW,,,,
EALC,287,,NW,HP,,,
EALC,305,,NW,LA,,,
EALC,306,,NW,LA,,,
EALC,307,,NW,LA,,,
EALC,308,,NW,LA,,,
EALC,365,,NW,,,,SS
EALC,367,,NW,HP,,,
ECE,101,,,,PS,QR2,
ECE,316,ACP,,HP,,,
ECE,445,ACP,,,,,
ECE,496,ACP,,,,,
ECE,499,ACP,,,,,
ECON,101,,,,,,SS
ECON,102,,,,,,SS
ECON,103,,,,,,SS
ECON,202,,,,,QR1,
ECON,210,,,,,,SS
ECON,451,ACP,,,,,
EDUC,201,,US,,,,
EDUC,202,ACP,,HP,,,
ENGL,101,,,LA,,,
ENGL,102,,,LA,,,
ENGL,103,,,LA,,,
ENGL,104,,,LA,,,
ENGL,109,ACP,,LA,,,
ENGL,114,,,LA,,,
ENGL,115,,WCC,LA,,,
ENGL,116,,WCC,LA,,,
ENGL,117,,,LA,,,
ENGL,122,,,LA,,,
ENGL,150,,US,LA,,,
ENGL,200,,,LA,,,
ENGL,202,,WCC,LA,,,
ENGL,204,,WCC,LA,,,
ENGL,206,,WCC,LA,,,
ENGL,207,,WCC,LA,,,
ENGL,208,,WCC,LA,,,
ENGL,209,,WCC,LA,,,
ENGL,210,,WCC,LA,,,
ENGL,211,,NW,LA,,,
ENGL,213,,WCC,LA,,,
ENGL,216,,WCC,LA,,,
ENGL,218,,,LA,,,
ENGL,220,,,LA,,,
ENGL,222,,US,LA,,,
ENGL,223,,WCC,LA,,,
ENGL,224,,US,,,,
ENGL,225,,US,LA,,,
ENGL,241,,WCC,,,,
ENGL,245,,,LA,,,
ENGL,247,,WCC,LA,,,
ENGL,248,,,LA,,,
ENGL,250,,WCC,LA,,,
ENGL,251,,WCC,LA,,,
ENGL,253,,,LA,,,
ENGL,255,,WCC,LA,,,
ENGL,256,,WCC,LA,,,
ENGL,259,,US,,,,
ENGL,260,,US,,,,
ENGL,265,,US,LA,,,
ENGL,266,,WCC,LA,,,
ENGL,267,ACP,WCC,LA,,,
ENGL,268,ACP,WCC,LA,,,
ENGL,269,,WCC,LA,,,
ENGL,270,,,LA,,,
ENGL,272,,US,LA,,,
ENGL,275,,US,LA,,,
ENGL,276,,NW,LA,,,
ENGL,283,,,LA,,,
ENGL,284,,,LA,,,
ENGL,285,,NW,LA,,,
ENGL,286,,US,LA,,,
ENGL,330,,US,LA,,,
ENGL,350,ACP,,,,,
ENGL,359,,WCC,LA,,,
ENGL,360,ACP,,,,,
ENGL,477,ACP,,,,,
ENSU,301,,,,,,SS
ENVS,101,,,,PS,QR2,
ENVS,210,,,,,,SS
ENVS,220,ACP,,,,,
EPOL,350,ACP,,,,,SS
EPS,202,ACP,,,,,
EPS,310,ACP,US,,,,
EPS,380,,US,HP,,,
EPS,402,ACP,US,,,,
EPSY,201,,,,,,BSC
EPSY,202,,US,,,,
EPSY,220,,,,,,BSC
EPSY,222,,US,,,,SS
EPSY,280,,,,,QR1,
ESE,100,,,,PS,,
ESE,103,,,,PS,,
ESE,104,,,,PS,,
ESE,106,,NW,,,,SS
ESE,111,,,,LS,,
ESE,117,,,,PS,,
ESE,118,,,,PS,,
ESE,120,,,,PS,QR2,
ESE,140,,,,PS,,
ESE,143,,,,LS,,
ESE,202,,WCC,HP,,,
ESE,208,,,,PS,,
ESE,210,,,,,,SS
ESE,254,,US,,,,SS
ESE,287,,WCC,,,,SS
ESE,360,ACP,,,,,
ESE,380,,,,,QR2,
ESE,465,ACP,,,,,
ESE,477,ACP,,,,,
FAA,102,,,LA,,,
FAA,110,,,LA,,,
FAA,220,,,LA,,,
FR,156,,WCC,LA,,,
FR,195,,,HP,,,
FR,240,,NW,,,,
FSHN,101,,,,PS,,
FSHN,120,,,,LS,,
GCL,101,,,,PS,QR2,
GCL,124,,,,PS,,
GCL,125,,,,LS,,
GCL,126,,,,,,SS
GCL,127,,,HP,,,
GCL,128,,,LA,,,
GCL,129,,NW,LA,,,
GCL,137,,US,LA,,,
GCL,143,,US,,,QR2,SS
GCL,144,,US,,,,BSC
GCL,145,,US,LA,,,
GCL,146,,,,,,SS
GCL,147,,US,,,,SS
GCL,148,,,HP,,,
GCL,185,,US,,,,SS
GCL,186,,,,,,SS
GCL,187,,,HP,,QR2,
GCL,188,,,LA,,,
GCL,195,,WCC,LA,,,
GCL,200,,US,HP,,,
GCL,201,ACP,US,HP,,,
GCL,210,,WCC,HP,,,
GCL,220,,WCC,HP,,,
GEOG,100,,,,PS,,
GEOG,101,,NW,,,,SS
GEOG,103,,,,PS,,
GEOG,104,,,,,,SS
GEOG,105,,,,,,SS
GEOG,106,,NW,,,,SS
GEOG,204,,WCC,,,,SS
GEOG,210,,,,,,SS
GEOG,221,,,,,,SS
GEOG,224,,,,,,SS
GEOG,254,,US,,,,SS
GEOG,280,,,,,QR1,
GEOG,287,,WCC,,,,SS
GEOG,371,,,,,QR2,
GEOG,380,,,,,QR2,
GEOG,465,ACP,,,,,
GEOL,100,,,,PS,,
GEOL,104,,,,PS,,
GEOL,107,,,,PS,,
GEOL,111,,,,LS,,
GEOL,117,,,,PS,,
GEOL,118,,,,PS,,
GEOL,143,,,,LS,,
GEOL,201,ACP,,HP,,,
GEOL,208,,,,PS,,
GER,201,,WCC,LA,,,
GER,205,,WCC,HP,,,
GER,250,ACP,WCC,LA,,,
GER,251,,WCC,LA,,,
GER,260,ACP,WCC,LA,,,
GER,261,,WCC,LA,,,
GER,270,,,LA,,,
GER,331,,,LA,,,
GLBL,100,,WCC,,,,SS
GLBL,118,,,,PS,,
GLBL,200,,,,,QR2,SS
GLBL,221,,,,,,SS
GLBL,228,,,HP,,,
GLBL,250,,NW,,,,
GLBL,272,,NW,,,,
GLBL,280,ACP,,,,,
GLBL,357,ACP,,,,,
GLBL,392,ACP,,,,,
GLBL,481,ACP,,,,,
GWS,100,,,,,,SS
GWS,103,,US,,,,
GWS,201,,WCC,,,,
GWS,202,,WCC,,,,
GWS,215,,US,HP,,,
GWS,225,,,,,,SS
GWS,230,,US,,,,
GWS,240,,WCC,LA,,,
GWS,245,,WCC,HP,,,
GWS,250,,,,,,SS
GWS,261,,,,,,SS
GWS,262,,,,,,SS
GWS,263,,WCC,HP,,,
GWS,270,,,LA,,,
GWS,275,,US,,,,
GWS,285,,,HP,,,
GWS,286,,,HP,,,
GWS,287,,US,HP,,,
GWS,288,,NW,,,,
GWS,305,ACP,,,,,
GWS,356,,WCC,,,,
GWS,380,,NW,,,,
GWS,382,,US,,,,
GWS,392,ACP,,,,,
GWS,498,ACP,,,,,
HDFS,105,,,,,,BSC
HDFS,120,,,,,,SS
HDFS,140,,,,,,SS
HDFS,143,,,,LS,,
HDFS,220,,NW,,,,SS
HDFS,221,,US,,,,SS
HDFS,225,,,,,,SS
HDFS,259,,,,,,BSC
HDFS,262,,,,,,BSC
HDFS,263,,US,,,,
HDFS,290,ACP,,,,,
HDFS,322,,US,,,,
HIST,100,,NW,HP,,,
HIST,101,,,HP,,,
HIST,103,,WCC,HP,,,
HIST,104,,US,HP,,,
HIST,105,,NW,HP,,,
HIST,106,,NW,HP,,,
HIST,110,,NW,HP,,,
HIST,120,,NW,HP,,,
HIST,130,,NW,HP,,,
HIST,135,,NW,HP,,,
HIST,140,ACP,WCC,HP,,,
HIST,141,,WCC,HP,,,
HIST,142,,WCC,HP,,,
HIST,143,ACP,WCC,HP,,,
HIST,164,,WCC,HP,,,
HIST,168,ACP,,HP,,,
HIST,170,ACP,US,HP,,,
HIST,171,,US,HP,,,
HIST,172,,US,HP,,,
HIST,173,ACP,US,HP,,,
HIST,174,,US,HP,,,
HIST,202,,WCC,HP,,,
HIST,203,,,HP,,,
HIST,205,,NW,HP,,,
HIST,207,,,HP,,,
HIST,211,,NW,HP,,,
HIST,212,,NW,HP,,,
HIST,213,,NW,HP,,,
HIST,219,,WCC,HP,,,
HIST,220,,NW,HP,,,
HIST,221,,NW,,,,
HIST,222,,NW,HP,,,
HIST,225,,NW,HP,,,
HIST,226,,NW,HP,,,
HIST,227,,NW,HP,,,
HIST,241,,WCC,HP,,,
HIST,245,,WCC,HP,,,
HIST,247,,WCC,HP,,,
HIST,252,,WCC,HP,,,
HIST,253,,WCC,HP,,,
HIST,254,,WCC,LA,,,
HIST,255,,WCC,HP,,,
HIST,256,,WCC,HP,,,
HIST,257,,,HP,,,
HIST,258,,WCC,HP,,,
HIST,259,,WCC,HP,,,
HIST,260,,WCC,HP,,,
HIST,261,,WCC,HP,,,
HIST,262,,WCC,HP,,,
HIST,263,,WCC,HP,,,
HIST,264,,WCC,HP,,,
HIST,265,,WCC,HP,,,
HIST,269,,WCC,HP,,,
HIST,270,,WCC,HP,,,
HIST,271,,WCC,HP,,,
HIST,272,,WCC,HP,,,
HIST,273,,,HP,,,
HIST,274,,WCC,HP,,,
HIST,275,,US,HP,,,
HIST,276,,US,HP,,,
HIST,277,,US,HP,,,
HIST,278,,US,HP,,,
HIST,279,,US,HP,,,
HIST,280,,US,HP,,,
HIST,281,,US,HP,,,
HIST,283,,US,HP,,,
HIST,284,,US,HP,,,
HIST,285,,,HP,,,
HIST,286,,,HP,,,
HIST,287,,US,HP,,,
HIST,288,,US,HP,,,
HIST,289,,,HP,,,
HIST,290,,WCC,,,,
HIST,293,,WCC,HP,,,
HIST,325,,NW,HP,,,
HIST,384,ACP,,,,,
HIST,393,,WCC,HP,,,
HIST,444,ACP,WCC,HP,,,
HIST,478,ACP,,,,,
HIST,482,ACP,,,,,
HIST,492,ACP,,,,,
HIST,498,ACP,,,,,
HNDI,115,,NW,,,,
HORT,223,ACP,,,LS,,
HORT,261,,,,LS,,
IB,100,,,,LS,,
IB,103,,,,LS,,
IB,105,,,,LS,,
IB,108,,,,LS,,
IB,150,,,,LS,,
IB,203,ACP,,,,,
IB,220,,,,LS,,
IB,271,ACP,,,,,
IHLT,230,,,,,,SS
IHLT,232,,US,,,,
IHLT,240,,,,,,BSC
INFO,202,,,,,,SS
INFO,303,ACP,,,,,
IS,107,,,,,QR1,
IS,202,,,,,,SS
ITAL,156,,WCC,LA,,,
ITAL,240,,,LA,,,
ITAL,270,,,LA,,,
JOUR,200,ACP,,,,,
JOUR,451,,,,,QR2,
JOUR,452,,,LA,,,
JS,108,,WCC,HP,,,
JS,120,ACP,,HP,,,
JS,201,,WCC,HP,,,
JS,209,,US,LA,,,
JS,212,,WCC,LA,,,
JS,220,,WCC,LA,,,
JS,252,,WCC,HP,,,
JS,261,,WCC,LA,,,
JS,262,,WCC,HP,,,
JS,269,,WCC,HP,,,
JS,284,,,LA,,,
JS,290,,NW,,,,
JS,320,,WCC,LA,,,
KIN,140,,,,,,SS
KIN,150,,,,LS,,
KIN,230,,US,,,,
KIN,249,,,,,,SS
KIN,259,,,,,,BSC
KIN,262,,,,,,BSC
KIN,340,ACP,,,,,
KIN,401,,,,,QR2,
LA,212,,WCC,HP,,,
LA,218,,NW,LA,,,
LA,220,,NW,HP,,,
LA,221,,WCC,HP,,,
LA,222,,NW,HP,,,
LA,242,,WCC,,,,
LA,250,,,,PS,,
LA,314,ACP,WCC,HP,,,
LAST,170,,NW,,,,SS
LAST,232,,US,,,,
LAST,240,,NW,,,,
LAW,301,,,HP,,,
LAW,302,,US,HP,,,
LER,100,,,,,,SS
LING,100,,,,,,SS
LING,104,,,,,,SS
LING,111,,NW,,,,
LING,115,,NW,,,,
LING,210,,,HP,,,
LING,225,,,,,,BSC
LING,240,,,HP,,,
LING,250,,US,,,,SS
LING,270,,WCC,,,,BSC
LING,301,ACP,,,,,
LLS,100,,US,,,,SS
LLS,200,,US,HP,,,
LLS,201,,US,,,,SS
LLS,215,,US,HP,,,
LLS,220,,US,,,,SS
LLS,230,,US,,,,
LLS,240,,US,,,,
LLS,242,,US,LA,,,
LLS,246,,US,LA,,,
LLS,250,,US,LA,,,
LLS,258,,US,,,,SS
LLS,260,,WCC,LA,,,
LLS,265,,US,,,,
LLS,279,,US,HP,,,
LLS,280,,US,HP,,,
LLS,281,,US,HP,,,
LLS,301,ACP,US,HP,,,
LLS,305,ACP,,,,,
LLS,310,ACP,US,,,,
LLS,322,,US,,,,
LLS,360,,US,LA,,,
LLS,372,ACP,,,,,
LLS,385,ACP,,,,,
LLS,392,ACP,,,,,
MACS,100,,WCC,LA,,,
MACS,101,ACP,,,,,
MACS,104,,,LA,,,
MACS,117,,,LA,,,
MACS,166,,,,,,SS
MACS,202,,,,,,SS
MACS,207,,NW,LA,,,
MACS,211,,US,,,,
MACS,250,,US,LA,,,
MACS,261,,,LA,,,
MACS,262,,,LA,,,
MACS,264,,WCC,HP,,,
MACS,275,,US,LA,,,
MACS,321,,WCC,,,,
MACS,351,,,,,,SS
MACS,356,,WCC,,,,
MATH,103,,,,,QR1,
MATH,115,,,,,QR1,
MATH,117,,,,,QR1,
MATH,119,,,,,QR1,
MATH,124,,,,,QR1,
MATH,181,,,,,QR1,
MATH,213,,,,,QR2,
MATH,220,,,,,QR1,
MATH,221,,,,,QR1,
MATH,231,,,,,QR1,
MATH,234,,,,,QR1,
MATH,241,,,,,QR2,
MATH,285,,,,,QR2,
MATH,286,,,,,QR2,
MATH,347,,,,,QR2,
MATH,348,ACP,,,,QR2,
MATH,402,,,,,QR2,
MATH,405,,,,,QR2,
MATH,414,,,,,QR2,
MATH,453,,,,,QR2,
MCB,100,,,,LS,,
MCB,150,,,,LS,,
MCB,170,,,,LS,,
MCB,180,,,,LS,,
MDIA,223,,,,,,SS
MDVL,111,,,LA,,,
MDVL,122,,,LA,,,
MDVL,201,,WCC,LA,,,
MDVL,216,,WCC,LA,,,
MDVL,240,,,LA,,,
MDVL,245,,WCC,HP,,,
MDVL,247,,WCC,HP,,,
MDVL,251,,WCC,HP,,,
MDVL,252,,WCC,LA,,,
MDVL,255,,WCC,HP,,,
MDVL,403,ACP,WCC,HP,,,
ME,470,ACP,,,,,
MILS,120,,,HP,,,
MSE,101,,,,PS,,
MSE,307,ACP,,,,,
MSE,308,ACP,,,,,
MUS,130,,WCC,LA,,,
MUS,132,,US,LA,,,
MUS,133,,NW,LA,,,
MUS,134,,,LA,,,
MUS,244,ACP,,,,,
MUS,313,,,LA,,,
MUS,314,,,LA,,,
MUS,339,,,,,QR2,
MUSE,250,,WCC,,,,SS
NPRE,101,,,,PS,QR2,
NPRE,481,ACP,,,,,
NRES,100,,,,PS,,
NRES,103,,,,LS,,
NRES,202,,WCC,HP,,,
NRES,210,,,,,,SS
NRES,220,ACP,,,,,
NRES,223,,,,,,SS
NRES,242,,WCC,,,,
NRES,270,,,,LS,,
NRES,287,,WCC,,,,SS
NRES,419,ACP,,,,,
NS,120,,,HP,,,
PHIL,100,ACP,,HP,,,
PHIL,101,,,HP,,,
PHIL,102,,,HP,,,
PHIL,103,,,HP,,QR2,
PHIL,104,ACP,,HP,,,
PHIL,105,,,HP,,,
PHIL,106,,,,,,SS
PHIL,107,,,,,,SS
PHIL,108,,WCC,HP,,,
PHIL,109,,WCC,HP,,,
PHIL,110,,NW,HP,,,
PHIL,201,,,HP,,,
PHIL,202,,,,,QR1,
PHIL,203,,,HP,,,
PHIL,206,,,HP,,,
PHIL,210,,,HP,,,
PHIL,214,,,HP,,,
PHIL,230,,,HP,,,
PHIL,231,,,HP,,,
PHIL,250,,,HP,,,
PHIL,270,,,HP,,,
PHIL,316,ACP,,HP,,,
PHIL,419,ACP,,,,,
PHIL,453,,,,,QR2,
PHIL,454,,,,,QR2,
PHYS,101,,,,PS,QR2,
PHYS,102,,,,PS,QR2,
PHYS,123,,,,PS,,
PHYS,140,,,,PS,QR2,
PHYS,150,,,,PS,QR2,
PHYS,211,,,,PS,QR2,
PHYS,212,,,,PS,QR2,
PHYS,213,,,,PS,QR2,
PHYS,214,,,,PS,QR2,
PHYS,280,ACP,,,,,
PHYS,419,ACP,,,,,
PHYS,496,ACP,,,,,
PLPA,200,ACP,,,LS,,
PLPA,204,,,,LS,,
POL,115,,WCC,LA,,,
PS,100,,,,,,SS
PS,101,,,,,,SS
PS,152,,NW,,,,SS
PS,201,,US,,,,SS
PS,224,,,,,,SS
PS,225,,,,,,SS
PS,240,,,,,,SS
PS,241,,NW,,,,SS
PS,242,,NW,,,,
PS,243,,NW,,,,SS
PS,270,,,HP,,,
PS,273,,WCC,,,,SS
PS,280,,,,,,SS
PS,281,ACP,,,,,SS
PS,282,ACP,,,,,SS
PS,357,ACP,,,,,
PSYC,100,,,,,,BSC
PSYC,103,,,,,,BSC
PSYC,201,,,,,,BSC
PSYC,207,,,,,,BSC
PSYC,210,,,,LS,,
PSYC,230,,,,,,BSC
PSYC,235,,,,,QR1,
PSYC,239,,,,,,SS
PSYC,301,,,,,QR1,
PSYC,322,,,,,,BSC
PSYC,498,ACP,,,,,
PSYC,499,ACP,,,,,
REES,115,,WCC,LA,,,
REES,116,,WCC,LA,,,
REES,200,,,,,,SS
REES,201,,,,,,SS
REHB,322,,,,,,BSC
REHB,330,,,,,,SS
REL,101,,,LA,,,
REL,104,,NW,HP,,,
REL,106,ACP,,HP,,,
REL,108,,WCC,HP,,,
REL,109,,WCC,HP,,,
REL,110,,NW,HP,,,
REL,115,,NW,,,,
REL,116,,WCC,,,,
REL,120,ACP,,HP,,,
REL,121,,,HP,,,
REL,122,,NW,HP,,,
REL,132,,NW,HP,,,
REL,160,,WCC,HP,,,
REL,201,,,HP,,,
REL,208,,NW,LA,,,
REL,212,,WCC,HP,,,
REL,213,ACP,NW,HP,,,
REL,214,,NW,HP,,,
REL,215,,NW,HP,,,
REL,220,,WCC,LA,,,
REL,223,,NW,LA,,,
REL,224,,NW,HP,,,
REL,230,,,HP,,,
REL,231,,,HP,,,
REL,235,,,HP,,,
REL,236,,WCC,,,,
REL,251,,WCC,HP,,,
REL,258,,US,,,,SS
REL,260,,NW,LA,,,
REL,269,,WCC,HP,,,
REL,270,,WCC,HP,,,
REL,283,,,LA,,,
REL,284,,,LA,,,
REL,286,,NW,HP,,,
REL,287,,NW,HP,,,
REL,320,,WCC,LA,,,
REL,393,,WCC,HP,,,
RHET,233,ACP,,,,,
RSOC,110,,,,,,SS
RSOC,270,,,,,,SS
RST,100,,,,,,SS
RST,120,,,,,,BSC
RST,224,,,,,,SS
RST,225,,,,,,SS
RST,230,,US,,,,
RST,242,,WCC,,,,
RST,335,,WCC,,,,SS
RST,370,,,,,QR2,
RST,410,ACP,,,,,
RUSS,115,,WCC,LA,,,
RUSS,220,,,LA,,,
RUSS,225,,,LA,,,
RUSS,260,,,LA,,,
RUSS,261,,WCC,HP,,,
SAME,150,,NW,,,,
SAME,152,,NW,,,,SS
SAME,208,,NW,LA,,,
SAME,212,,WCC,LA,,,
SAME,213,ACP,NW,HP,,,
SAME,214,,NW,HP,,,
SAME,223,,NW,LA,,,
SAME,260,,NW,LA,,,
SAME,272,,NW,,,,
SCAN,215,,,LA,,,
SCAN,225,,WCC,LA,,,
SCAN,251,,WCC,HP,,,
SCAN,252,,WCC,LA,,,
SE,494,ACP,,,,,
SE,495,ACP,,,,,
SHS,120,,,,,,BSC
SHS,222,,US,,,,SS
SHS,231,,US,,,,
SHS,270,ACP,,,,,SS
SHS,271,,,,,,SS
SLAV,117,,,LA,,,
SLAV,120,,WCC,LA,,,
SLCL,200,,WCC,HP,,,
SOC,100,,,,,,SS
SOC,101,,,,,,SS
SOC,122,,NW,,,,SS
SOC,130,,,,,,SS
SOC,160,,NW,,,,SS
SOC,161,,WCC,,,,SS
SOC,162,,WCC,,,,SS
SOC,179,,,,,,SS
SOC,201,,WCC,,,,
SOC,202,,WCC,,,,
SOC,221,,US,,,,SS
SOC,222,,NW,,,,
SOC,224,,US,,,,
SOC,225,,US,,,,SS
SOC,261,,,,,,SS
SOC,270,,,,,,SS
SOC,273,,,,,,SS
SOC,280,,,,,QR1,
SOC,350,,,,,,SS
SOC,366,,WCC,,,,SS
SOC,373,,,,,,SS
SOC,380,,,,,QR2,
SOC,392,ACP,,,,,
SOC,477,ACP,,,,,
SOC,488,,,,,QR2,
SOCW,200,,,,,,SS
SOCW,225,,,,,QR1,
SOCW,240,,,,,,SS
SOCW,297,,US,,,,SS
SOCW,300,ACP,US,,,,
SPAN,232,,US,,,,
SPAN,240,,US,,,,
SPAN,242,,US,LA,,,
SPAN,246,,US,LA,,,
SPAN,248,,US,LA,,,
SPED,117,,,HP,,,
SPED,322,,,,,,BSC
STAT,100,,,,,QR1,
STAT,107,,,,,QR1,
STAT,200,,,,,QR1,
STAT,212,,,,,QR1,
THEA,101,,,LA,,,
THEA,102,,,LA,,,
THEA,110,,WCC,LA,,,
THEA,210,ACP,WCC,LA,,,
THEA,260,,US,,,,
THEA,262,ACP,,LA,,,
THEA,263,,US,,,,
THEA,323,ACP,WCC,LA,,,
TRST,201,,,LA,,,
TSM,311,ACP,,HP,,,
TURK,270,,NW,,,,
UKR,113,,WCC,LA,,,
UP,116,,,,,QR1,
UP,136,,,,,,SS
UP,185,,WCC,,,,SS
UP,205,,,,LS,,
UP,210,,,,,,SS
UP,260,,,,,,SS
UP,312,ACP,,,,,
UP,316,,,,,QR2,
WRIT,303,ACP,,,,,
YDSH,220,,WCC,LA,,,
YDSH,320,,WCC,LA,,,
